total_pnl,realized_trading_pnl,unrealized_trading_pnl,realized_roundtrip_pnl,inventory_mtm_pnl,funding_pnl,fees,liquidation_adjusted_pnl,forced_flat_pnl,liquidation_cost,final_liquidation_cost,forced_flat_cost,total_fills,fill_volume_eth,turnover_usd,max_inventory,min_inventory,mean_abs_inventory,max_drawdown,sampled_1m_max_drawdown,sharpe_like_1m,pnl_per_turnover,pnl_per_eth,run,variant,dataset_scope,fill_model,pressure_stop,queue_depletion_fraction,cancel_latency_ms,maker_fee_bps,min_half_spread_ticks
0.0,0.0,0.0,0.0,0.0,0.0,0.0,0.0,0.0,0.0,0.0,0.0,0.0,0.0,0.0,0.0,0.0,0.0,0.0,-0.0,0.0,0.0,0.0,0,baseline,sample_5000_rows,conservative_queue,0.5,0.0,250,0.5,2
0.0,0.0,0.0,0.0,0.0,0.0,0.0,0.0,0.0,0.0,0.0,0.0,0.0,0.0,0.0,0.0,0.0,0.0,0.0,-0.0,0.0,0.0,0.0,1,simple_fill,sample_5000_rows,simple,0.5,0.0,250,0.5,2
0.0,0.0,0.0,0.0,0.0,0.0,0.0,0.0,0.0,0.0,0.0,0.0,0.0,0.0,0.0,0.0,0.0,0.0,0.0,-0.0,0.0,0.0,0.0,2,partial_queue_0.25,sample_5000_rows,partial_queue,0.5,0.25,250,0.5,2
0.0,0.0,0.0,0.0,0.0,0.0,0.0,0.0,0.0,0.0,0.0,0.0,0.0,0.0,0.0,0.0,0.0,0.0,0.0,-0.0,0.0,0.0,0.0,3,partial_queue_0.50,sample_5000_rows,partial_queue,0.5,0.5,250,0.5,2
0.0,0.0,0.0,0.0,0.0,0.0,0.0,0.0,0.0,0.0,0.0,0.0,0.0,0.0,0.0,0.0,0.0,0.0,0.0,-0.0,0.0,0.0,0.0,4,cancel_latency_0,sample_5000_rows,conservative_queue,0.5,0.0,0,0.5,2
0.0,0.0,0.0,0.0,0.0,0.0,0.0,0.0,0.0,0.0,0.0,0.0,0.0,0.0,0.0,0.0,0.0,0.0,0.0,-0.0,0.0,0.0,0.0,5,cancel_latency_500,sample_5000_rows,conservative_queue,0.5,0.0,500,0.5,2
0.0,0.0,0.0,0.0,0.0,0.0,0.0,0.0,0.0,0.0,0.0,0.0,0.0,0.0,0.0,0.0,0.0,0.0,0.0,-0.0,0.0,0.0,0.0,6,fee_0bps,sample_5000_rows,conservative_queue,0.5,0.0,250,0.0,2
0.0,0.0,0.0,0.0,0.0,0.0,0.0,0.0,0.0,0.0,0.0,0.0,0.0,0.0,0.0,0.0,0.0,0.0,0.0,-0.0,0.0,0.0,0.0,7,fee_1bps,sample_5000_rows,conservative_queue,0.5,0.0,250,1.0,2
0.0,0.0,0.0,0.0,0.0,0.0,0.0,0.0,0.0,0.0,0.0,0.0,0.0,0.0,0.0,0.0,0.0,0.0,0.0,-0.0,0.0,0.0,0.0,8,pressure_filter_off,sample_5000_rows,conservative_queue,999.0,0.0,250,0.5,2
